Series Name,Series Code,Country Name,Country Code,1990 [YR1990],2000 [YR2000],2013 [YR2013],2014 [YR2014],2015 [YR2015],2016 [YR2016],2017 [YR2017],2018 [YR2018],2019 [YR2019],2020 [YR2020],2021 [YR2021],2022 [YR2022]
"Wage and salaried workers, total (% of total employment) (modeled ILO estimate)",SL.EMP.WORK.ZS,Afghanistan,AFG,..,7.801868,12.90104,13.98273,15.15319,16.36492,17.54959,17.21295,16.82699,15.66604,..,..
"Wage and salaried workers, total (% of total employment) (modeled ILO estimate)",SL.EMP.WORK.ZS,Albania,ALB,..,36.45073,40.4818,42.07382,41.1876,41.39586,42.90148,44.51904,45.73177,45.82876,46.95451,..
"Wage and salaried workers, total (% of total employment) (modeled ILO estimate)",SL.EMP.WORK.ZS,Algeria,DZA,..,61.79519,68.96551,68.79234,68.5918,68.44131,68.26881,68.11761,67.89183,68.97275,69.4741,..
"Wage and salaried workers, total (% of total employment) (modeled ILO estimate)",SL.EMP.WORK.ZS,American Samoa,ASM,..,..,..,..,..,..,..,..,..,..,..,..
"Wage and salaried workers, total (% of total employment) (modeled ILO estimate)",SL.EMP.WORK.ZS,Andorra,AND,..,..,..,..,..,..,..,..,..,..,..,..
"Wage and salaried workers, total (% of total employment) (modeled ILO estimate)",SL.EMP.WORK.ZS,Angola,AGO,..,36.16437,33.7941,36.66563,36.894,36.68414,36.38058,35.89509,35.28339,33.73607,34.1478,..
"Wage and salaried workers, total (% of total employment) (modeled ILO estimate)",SL.EMP.WORK.ZS,Antigua and Barbuda,ATG,..,..,..,..,..,..,..,..,..,..,..,..
"Wage and salaried workers, total (% of total employment) (modeled ILO estimate)",SL.EMP.WORK.ZS,Argentina,ARG,..,72.39291,76.45258,76.3465,75.85278,75.19785,74.66,74.47115,73.49278,73.00002,71.39813,..
"Wage and salaried workers, total (% of total employment) (modeled ILO estimate)",SL.EMP.WORK.ZS,Armenia,ARM,..,48.10744,57.1999,55.86226,57.20191,58.05022,59.66107,64.41612,66.67974,68.50368,69.43087,..
"Wage and salaried workers, total (% of total employment) (modeled ILO estimate)",SL.EMP.WORK.ZS,Aruba,ABW,..,..,..,..,..,..,..,..,..,..,..,..
"Wage and salaried workers, total (% of total employment) (modeled ILO estimate)",SL.EMP.WORK.ZS,Australia,AUS,..,80.01868,83.16417,82.85944,82.94209,82.95045,83.10094,83.54352,83.42296,83.52753,83.39849,..
"Wage and salaried workers, total (% of total employment) (modeled ILO estimate)",SL.EMP.WORK.ZS,Austria,AUT,..,86.48755,86.79893,86.71164,87.00293,87.27916,87.62283,87.99445,87.83932,87.78571,88.24369,..
"Wage and salaried workers, total (% of total employment) (modeled ILO estimate)",SL.EMP.WORK.ZS,Azerbaijan,AZE,..,31.58604,33.48676,33.25963,32.34502,31.81463,31.62422,31.80253,33.31829,33.03001,33.71569,..
"Wage and salaried workers, total (% of total employment) (modeled ILO estimate)",SL.EMP.WORK.ZS,"Bahamas, The",BHS,..,85.03454,85.48701,85.42718,85.27941,85.288,85.29665,85.27616,85.25714,84.98684,85.07961,..
"Wage and salaried workers, total (% of total employment) (modeled ILO estimate)",SL.EMP.WORK.ZS,Bahrain,BHR,..,96.16605,97.30789,97.30765,97.30787,97.33754,97.36554,97.3832,97.40872,97.42404,97.38936,..
"Wage and salaried workers, total (% of total employment) (modeled ILO estimate)",SL.EMP.WORK.ZS,Bangladesh,BGD,..,34.09898,38.83121,39.11526,39.31429,39.4025,39.49935,39.95016,40.40279,39.98413,40.9681,..
"Wage and salaried workers, total (% of total employment) (modeled ILO estimate)",SL.EMP.WORK.ZS,Barbados,BRB,..,87.29903,83.24584,83.43179,83.73853,82.63292,81.22536,80.64292,80.44592,80.63216,80.78163,..
"Wage and salaried workers, total (% of total employment) (modeled ILO estimate)",SL.EMP.WORK.ZS,Belarus,BLR,..,95.13262,96.06746,96.07178,96.01302,95.94284,95.63105,95.8217,95.72836,96.13094,96.22708,..
"Wage and salaried workers, total (% of total employment) (modeled ILO estimate)",SL.EMP.WORK.ZS,Belgium,BEL,..,83.95568,84.92064,85.38675,84.82115,85.1643,85.70653,85.97092,85.76637,85.26952,85.9851,..
"Wage and salaried workers, total (% of total employment) (modeled ILO estimate)",SL.EMP.WORK.ZS,Belize,BLZ,..,67.49653,67.79699,69.25179,67.52524,66.50415,66.77723,65.89793,64.76237,63.64711,64.11288,..
"Wage and salaried workers, total (% of total employment) (modeled ILO estimate)",SL.EMP.WORK.ZS,Benin,BEN,..,9.688984,10.14627,10.30818,10.15916,10.19531,10.30194,10.48684,10.89221,9.821788,10.16867,..
"Wage and salaried workers, total (% of total employment) (modeled ILO estimate)",SL.EMP.WORK.ZS,Bermuda,BMU,..,..,..,..,..,..,..,..,..,..,..,..
"Wage and salaried workers, total (% of total employment) (modeled ILO estimate)",SL.EMP.WORK.ZS,Bhutan,BTN,..,27.76918,29.21634,29.20213,27.60112,27.34158,27.30383,27.49931,27.64655,26.47448,26.9433,..
"Wage and salaried workers, total (% of total employment) (modeled ILO estimate)",SL.EMP.WORK.ZS,Bolivia,BOL,..,31.94244,39.82927,37.30648,38.8995,30.39685,31.13774,31.46757,36.57371,32.02682,30.88401,..
"Wage and salaried workers, total (% of total employment) (modeled ILO estimate)",SL.EMP.WORK.ZS,Bosnia and Herzegovina,BIH,..,70.63513,74.57097,76.95528,75.77788,75.6007,75.44357,78.64288,75.10244,81.57567,82.02489,..
"Wage and salaried workers, total (% of total employment) (modeled ILO estimate)",SL.EMP.WORK.ZS,Botswana,BWA,..,77.88255,69.17339,69.50079,69.27315,69.45384,69.47058,69.65007,69.74493,71.11758,71.72941,..
"Wage and salaried workers, total (% of total employment) (modeled ILO estimate)",SL.EMP.WORK.ZS,Brazil,BRA,..,62.89769,69.86615,69.9882,68.69553,68.24637,67.69577,67.24813,66.91751,66.22582,64.91315,..
"Wage and salaried workers, total (% of total employment) (modeled ILO estimate)",SL.EMP.WORK.ZS,British Virgin Islands,VGB,..,..,..,..,..,..,..,..,..,..,..,..
"Wage and salaried workers, total (% of total employment) (modeled ILO estimate)",SL.EMP.WORK.ZS,Brunei Darussalam,BRN,..,93.96622,91.89642,91.66508,91.50246,91.3331,91.08908,92.42804,91.01868,90.92387,90.9141,..
"Wage and salaried workers, total (% of total employment) (modeled ILO estimate)",SL.EMP.WORK.ZS,Bulgaria,BGR,..,83.64304,87.86179,87.51433,87.9722,88.26872,88.10119,88.35118,89.17432,88.92828,89.52489,..
"Wage and salaried workers, total (% of total employment) (modeled ILO estimate)",SL.EMP.WORK.ZS,Burkina Faso,BFA,..,5.173355,11.30221,12.18362,12.45735,12.88663,13.26879,13.6111,14.02196,12.44703,12.90828,..
"Wage and salaried workers, total (% of total employment) (modeled ILO estimate)",SL.EMP.WORK.ZS,Burundi,BDI,..,13.90818,13.24918,13.31459,12.95214,12.84332,12.53347,12.33491,12.2094,11.53186,11.81428,..
"Wage and salaried workers, total (% of total employment) (modeled ILO estimate)",SL.EMP.WORK.ZS,Cabo Verde,CPV,..,53.2445,59.29886,59.43173,59.76974,63.68196,66.20677,68.14013,68.17807,67.98765,68.73564,..
"Wage and salaried workers, total (% of total employment) (modeled ILO estimate)",SL.EMP.WORK.ZS,Cambodia,KHM,..,12.91797,39.41689,43.50777,47.61781,48.93148,49.65503,50.95888,51.96434,51.91029,52.83378,..
"Wage and salaried workers, total (% of total employment) (modeled ILO estimate)",SL.EMP.WORK.ZS,Cameroon,CMR,..,19.1493,21.81795,22.5273,23.17062,23.78177,24.35315,24.94732,25.54388,24.16026,24.76399,..
"Wage and salaried workers, total (% of total employment) (modeled ILO estimate)",SL.EMP.WORK.ZS,Canada,CAN,..,83.86853,84.56556,84.69128,84.62202,84.68053,84.75947,84.66788,84.76714,84.47015,85.65903,..
"Wage and salaried workers, total (% of total employment) (modeled ILO estimate)",SL.EMP.WORK.ZS,Cayman Islands,CYM,..,..,..,..,..,..,..,..,..,..,..,..
"Wage and salaried workers, total (% of total employment) (modeled ILO estimate)",SL.EMP.WORK.ZS,Central African Republic,CAF,..,6.052886,5.961624,5.57038,5.68379,5.704109,5.726314,5.809265,5.951262,5.353308,5.538638,..
"Wage and salaried workers, total (% of total employment) (modeled ILO estimate)",SL.EMP.WORK.ZS,Chad,TCD,..,5.232721,9.506622,9.854506,9.977603,9.150121,8.709141,8.87312,8.818701,7.881917,8.043478,..
"Wage and salaried workers, total (% of total employment) (modeled ILO estimate)",SL.EMP.WORK.ZS,Channel Islands,CHI,..,83.71809,84.5521,84.67863,84.79889,84.90517,85.01714,85.10912,85.20226,85.02074,85.10303,..
"Wage and salaried workers, total (% of total employment) (modeled ILO estimate)",SL.EMP.WORK.ZS,Chile,CHL,..,69.42247,74.57682,74.12768,74.35108,73.52599,72.56786,72.8861,72.78537,72.77149,72.97418,..
"Wage and salaried workers, total (% of total employment) (modeled ILO estimate)",SL.EMP.WORK.ZS,China,CHN,..,33.50909,47.59652,48.67328,49.68262,50.66417,51.66722,53.00001,53.96443,54.4153,55.46632,..
"Wage and salaried workers, total (% of total employment) (modeled ILO estimate)",SL.EMP.WORK.ZS,Colombia,COL,..,50.55566,47.63584,48.46424,48.92072,48.84786,48.88664,48.59367,50.41784,49.17927,49.09227,..
"Wage and salaried workers, total (% of total employment) (modeled ILO estimate)",SL.EMP.WORK.ZS,Comoros,COM,..,29.9893,40.45293,41.43172,41.24165,41.20042,41.13354,41.10144,40.96201,40.50264,41.21985,..
"Wage and salaried workers, total (% of total employment) (modeled ILO estimate)",SL.EMP.WORK.ZS,"Congo, Dem. Rep.",COD,..,9.313219,18.2354,19.07482,19.38478,19.32194,19.54313,20.1176,19.85527,18.81338,19.30575,..
"Wage and salaried workers, total (% of total employment) (modeled ILO estimate)",SL.EMP.WORK.ZS,"Congo, Rep.",COG,..,21.02045,24.09682,24.85309,25.31313,25.25838,25.25558,25.15617,25.32441,23.5287,23.76458,..
"Wage and salaried workers, total (% of total employment) (modeled ILO estimate)",SL.EMP.WORK.ZS,Costa Rica,CRI,..,70.76099,74.49859,75.5994,75.68697,76.55945,75.68843,74.87102,73.35863,73.39072,73.83997,..
"Wage and salaried workers, total (% of total employment) (modeled ILO estimate)",SL.EMP.WORK.ZS,Cote d'Ivoire,CIV,..,20.38169,23.42815,23.9115,24.48061,25.02194,26.60172,27.45082,28.27709,26.5865,27.41357,..
"Wage and salaried workers, total (% of total employment) (modeled ILO estimate)",SL.EMP.WORK.ZS,Croatia,HRV,..,76.1365,81.92241,84.38434,84.33003,86.09204,87.63033,87.92525,87.65156,87.58335,87.16367,..
"Wage and salaried workers, total (% of total employment) (modeled ILO estimate)",SL.EMP.WORK.ZS,Cuba,CUB,..,88.40846,78.36871,76.91456,75.83751,74.39785,73.10047,72.77853,72.26299,72.62115,72.99416,..
"Wage and salaried workers, total (% of total employment) (modeled ILO estimate)",SL.EMP.WORK.ZS,Curacao,CUW,..,..,..,..,..,..,..,..,..,..,..,..
"Wage and salaried workers, total (% of total employment) (modeled ILO estimate)",SL.EMP.WORK.ZS,Cyprus,CYP,..,75.75748,82.44176,82.11184,85.07149,85.71823,86.812,86.72103,86.3468,86.21771,87.88248,..
"Wage and salaried workers, total (% of total employment) (modeled ILO estimate)",SL.EMP.WORK.ZS,Czechia,CZE,..,84.99698,82.13715,82.00687,82.66143,82.84036,82.87957,83.05588,83.19904,83.11388,84.10089,..
"Wage and salaried workers, total (% of total employment) (modeled ILO estimate)",SL.EMP.WORK.ZS,Denmark,DNK,..,90.87826,90.87215,91.02961,91.13324,91.21176,91.65958,91.86344,91.66127,91.47601,91.06354,..
"Wage and salaried workers, total (% of total employment) (modeled ILO estimate)",SL.EMP.WORK.ZS,Djibouti,DJI,..,38.84913,43.6587,44.31501,45.05572,45.79144,46.48452,47.35509,48.28175,47.77555,48.59083,..
"Wage and salaried workers, total (% of total employment) (modeled ILO estimate)",SL.EMP.WORK.ZS,Dominica,DMA,..,..,..,..,..,..,..,..,..,..,..,..
"Wage and salaried workers, total (% of total employment) (modeled ILO estimate)",SL.EMP.WORK.ZS,Dominican Republic,DOM,..,57.07359,55.18687,55.17292,55.60197,56.92569,56.03467,56.63366,58.2319,57.19948,58.09591,..
"Wage and salaried workers, total (% of total employment) (modeled ILO estimate)",SL.EMP.WORK.ZS,Ecuador,ECU,..,52.16693,54.8261,57.10625,55.15527,51.47393,50.70674,50.08733,48.77111,45.59379,45.15519,..
"Wage and salaried workers, total (% of total employment) (modeled ILO estimate)",SL.EMP.WORK.ZS,"Egypt, Arab Rep.",EGY,..,59.94174,61.14088,60.82944,62.60075,69.86358,68.09492,68.7688,71.09994,72.47632,72.88078,..
"Wage and salaried workers, total (% of total employment) (modeled ILO estimate)",SL.EMP.WORK.ZS,El Salvador,SLV,..,57.25607,58.09536,60.43677,59.58384,59.98874,59.75994,61.14681,60.87211,61.27159,62.13598,..
"Wage and salaried workers, total (% of total employment) (modeled ILO estimate)",SL.EMP.WORK.ZS,Equatorial Guinea,GNQ,..,8.71361,18.5119,18.09772,16.99264,15.88029,14.92891,14.00003,13.13962,12.22454,12.21422,..
"Wage and salaried workers, total (% of total employment) (modeled ILO estimate)",SL.EMP.WORK.ZS,Eritrea,ERI,..,10.8592,12.6392,13.89775,13.16844,13.57498,12.9309,13.6,13.82157,12.72104,13.13079,..
"Wage and salaried workers, total (% of total employment) (modeled ILO estimate)",SL.EMP.WORK.ZS,Estonia,EST,..,91.70858,90.86194,90.89027,90.57756,90.43265,89.79945,89.28593,89.00897,89.21288,89.53278,..
"Wage and salaried workers, total (% of total employment) (modeled ILO estimate)",SL.EMP.WORK.ZS,Eswatini,SWZ,..,75.60455,66.82908,66.12836,65.41645,64.72693,64.73803,64.89,65.12909,65.34804,65.94814,..
"Wage and salaried workers, total (% of total employment) (modeled ILO estimate)",SL.EMP.WORK.ZS,Ethiopia,ETH,..,9.518859,11.81665,12.32975,12.89091,13.42582,13.96952,14.44829,14.90036,13.86282,14.3722,..
"Wage and salaried workers, total (% of total employment) (modeled ILO estimate)",SL.EMP.WORK.ZS,Faroe Islands,FRO,..,..,..,..,..,..,..,..,..,..,..,..
"Wage and salaried workers, total (% of total employment) (modeled ILO estimate)",SL.EMP.WORK.ZS,Fiji,FJI,..,61.21883,57.25371,59.76934,62.23196,64.58192,65.7915,66.90312,67.56538,66.30067,66.87627,..
"Wage and salaried workers, total (% of total employment) (modeled ILO estimate)",SL.EMP.WORK.ZS,Finland,FIN,..,86.4753,86.56165,85.99938,85.78155,85.96715,86.82221,86.79128,86.54237,86.56611,85.29076,..
"Wage and salaried workers, total (% of total employment) (modeled ILO estimate)",SL.EMP.WORK.ZS,France,FRA,..,88.58801,88.72755,88.39004,88.46497,88.23137,88.39248,88.35146,87.86746,87.59554,87.51456,..
"Wage and salaried workers, total (% of total employment) (modeled ILO estimate)",SL.EMP.WORK.ZS,French Polynesia,PYF,..,79.25204,83.97966,83.91624,83.89577,83.90829,83.95625,84.02934,84.12719,83.44519,83.55154,..
"Wage and salaried workers, total (% of total employment) (modeled ILO estimate)",SL.EMP.WORK.ZS,Gabon,GAB,..,58.45716,66.55548,66.5533,66.48194,66.29922,65.99125,65.68136,65.5266,65.79228,66.38419,..
"Wage and salaried workers, total (% of total employment) (modeled ILO estimate)",SL.EMP.WORK.ZS,"Gambia, The",GMB,..,23.31321,25.55193,25.54842,26.32584,26.89387,26.6188,26.67048,27.22666,25.05723,25.69947,..
"Wage and salaried workers, total (% of total employment) (modeled ILO estimate)",SL.EMP.WORK.ZS,Georgia,GEO,..,38.33695,42.59042,44.14384,46.35056,46.93332,48.36346,50.80665,50.2934,50.78109,51.83184,..
"Wage and salaried workers, total (% of total employment) (modeled ILO estimate)",SL.EMP.WORK.ZS,Germany,DEU,..,89.12624,88.80398,89.04404,89.24686,89.57547,89.80013,90.09958,90.3932,90.74435,91.68668,..
"Wage and salaried workers, total (% of total employment) (modeled ILO estimate)",SL.EMP.WORK.ZS,Ghana,GHA,..,19.49663,23.75588,23.70295,23.6293,23.81962,24.34106,24.90547,25.58282,24.28441,24.95492,..
"Wage and salaried workers, total (% of total employment) (modeled ILO estimate)",SL.EMP.WORK.ZS,Gibraltar,GIB,..,..,..,..,..,..,..,..,..,..,..,..
"Wage and salaried workers, total (% of total employment) (modeled ILO estimate)",SL.EMP.WORK.ZS,Greece,GRC,..,58.04729,63.01051,64.03263,65.0437,65.90977,65.93032,66.51685,68.10283,68.14319,67.82891,..
"Wage and salaried workers, total (% of total employment) (modeled ILO estimate)",SL.EMP.WORK.ZS,Greenland,GRL,..,..,..,..,..,..,..,..,..,..,..,..
"Wage and salaried workers, total (% of total employment) (modeled ILO estimate)",SL.EMP.WORK.ZS,Grenada,GRD,..,..,..,..,..,..,..,..,..,..,..,..
"Wage and salaried workers, total (% of total employment) (modeled ILO estimate)",SL.EMP.WORK.ZS,Guam,GUM,..,85.80354,86.48972,86.55337,86.62038,86.66246,86.7252,86.74311,86.81554,86.96992,87.02976,..
"Wage and salaried workers, total (% of total employment) (modeled ILO estimate)",SL.EMP.WORK.ZS,Guatemala,GTM,..,50.13554,56.47754,59.2725,60.32183,62.35329,59.54314,59.41916,63.43921,63.11627,63.90879,..
"Wage and salaried workers, total (% of total employment) (modeled ILO estimate)",SL.EMP.WORK.ZS,Guinea,GIN,..,6.97283,7.172402,7.201079,6.980467,7.43104,7.746792,7.360617,7.76576,7.180639,7.389406,..
"Wage and salaried workers, total (% of total employment) (modeled ILO estimate)",SL.EMP.WORK.ZS,Guinea-Bissau,GNB,..,17.14945,17.97421,17.73304,17.78238,18.14253,18.49365,18.44185,18.56708,17.19978,17.67078,..
"Wage and salaried workers, total (% of total employment) (modeled ILO estimate)",SL.EMP.WORK.ZS,Guyana,GUY,..,61.82962,64.68169,65.01809,65.20428,65.46823,65.54372,65.5353,65.50665,67.11382,68.5689,..
"Wage and salaried workers, total (% of total employment) (modeled ILO estimate)",SL.EMP.WORK.ZS,Haiti,HTI,..,23.91446,25.58573,25.80425,25.97232,25.95047,25.94366,25.96058,26.08829,22.7374,23.18664,..
"Wage and salaried workers, total (% of total employment) (modeled ILO estimate)",SL.EMP.WORK.ZS,Honduras,HND,..,47.08178,44.49067,49.66972,48.57875,51.74998,47.61314,48.55631,49.82062,49.43823,50.07494,..
"Wage and salaried workers, total (% of total employment) (modeled ILO estimate)",SL.EMP.WORK.ZS,"Hong Kong SAR, China",HKG,..,89.48304,89.86562,90.87273,91.04423,91.29701,91.26927,91.46394,91.32652,91.3093,91.41472,..
"Wage and salaried workers, total (% of total employment) (modeled ILO estimate)",SL.EMP.WORK.ZS,Hungary,HUN,..,84.77345,88.72415,89.05182,89.1506,89.26095,89.66498,89.58346,89.17212,87.95574,87.54178,..
"Wage and salaried workers, total (% of total employment) (modeled ILO estimate)",SL.EMP.WORK.ZS,Iceland,ISL,..,82.20049,87.54932,87.44123,87.6356,88.04108,88.34917,88.10524,88.37971,88.3931,87.46883,..
"Wage and salaried workers, total (% of total employment) (modeled ILO estimate)",SL.EMP.WORK.ZS,India,IND,..,15.30351,20.12752,20.97271,21.87403,22.85923,22.73542,23.45788,24.54571,23.80047,23.88,..
"Wage and salaried workers, total (% of total employment) (modeled ILO estimate)",SL.EMP.WORK.ZS,Indonesia,IDN,..,32.8348,46.34626,46.70205,48.99575,48.87376,48.80906,48.0952,48.25441,47.0871,47.40289,..
"Wage and salaried workers, total (% of total employment) (modeled ILO estimate)",SL.EMP.WORK.ZS,"Iran, Islamic Rep.",IRN,..,52.79539,55.82386,56.61178,56.52783,55.77418,55.38842,54.47568,55.03832,56.27024,56.9991,..
"Wage and salaried workers, total (% of total employment) (modeled ILO estimate)",SL.EMP.WORK.ZS,Iraq,IRQ,..,69.95221,73.13455,73.89852,74.87865,76.55876,77.59716,77.44537,77.51868,78.24624,78.64125,..
"Wage and salaried workers, total (% of total employment) (modeled ILO estimate)",SL.EMP.WORK.ZS,Ireland,IRL,..,80.88889,82.98086,83.19278,83.51752,83.76598,84.55341,84.97529,85.59658,85.47015,86.28045,..
"Wage and salaried workers, total (% of total employment) (modeled ILO estimate)",SL.EMP.WORK.ZS,Isle of Man,IMN,..,..,..,..,..,..,..,..,..,..,..,..
"Wage and salaried workers, total (% of total employment) (modeled ILO estimate)",SL.EMP.WORK.ZS,Israel,ISR,..,88.36318,88.3664,88.28,88.01195,87.85497,88.11905,87.96189,87.94727,87.56828,87.744,..
"Wage and salaried workers, total (% of total employment) (modeled ILO estimate)",SL.EMP.WORK.ZS,Italy,ITA,..,71.82704,75.17844,75.31879,75.61913,76.06368,76.79704,77.08661,77.25931,77.4791,78.14462,..
"Wage and salaried workers, total (% of total employment) (modeled ILO estimate)",SL.EMP.WORK.ZS,Jamaica,JAM,..,59.36172,59.55621,59.7841,60.06155,60.34512,60.60477,60.6259,60.45981,59.49995,60.17219,..
"Wage and salaried workers, total (% of total employment) (modeled ILO estimate)",SL.EMP.WORK.ZS,Japan,JPN,..,83.09029,88.47301,88.59321,88.93671,89.42014,89.58129,89.71397,89.95451,89.96836,90.1679,..
"Wage and salaried workers, total (% of total employment) (modeled ILO estimate)",SL.EMP.WORK.ZS,Jordan,JOR,..,84.82922,85.57409,85.50069,85.37342,85.25626,85.26537,87.3222,87.60699,88.33018,88.65797,..
"Wage and salaried workers, total (% of total employment) (modeled ILO estimate)",SL.EMP.WORK.ZS,Kazakhstan,KAZ,..,58.32642,69.58043,71.46165,73.03722,74.27405,75.56493,75.8784,76.15759,77.38177,77.99122,..
"Wage and salaried workers, total (% of total employment) (modeled ILO estimate)",SL.EMP.WORK.ZS,Kenya,KEN,..,33.69329,34.03464,34.54726,35.12516,35.78311,36.40478,37.19773,37.99432,36.99872,37.94695,..
"Wage and salaried workers, total (% of total employment) (modeled ILO estimate)",SL.EMP.WORK.ZS,Kiribati,KIR,..,..,..,..,..,..,..,..,..,..,..,..
"Wage and salaried workers, total (% of total employment) (modeled ILO estimate)",SL.EMP.WORK.ZS,"Korea, Dem. People's Rep.",PRK,..,14.05853,14.57245,14.63932,14.60087,14.84342,14.74301,14.49625,14.40492,12.89575,13.39942,..
"Wage and salaried workers, total (% of total employment) (modeled ILO estimate)",SL.EMP.WORK.ZS,"Korea, Rep.",KOR,..,63.07955,72.59062,73.20678,74.24089,74.58073,74.69027,74.94858,75.43543,75.5708,76.12048,..
"Wage and salaried workers, total (% of total employment) (modeled ILO estimate)",SL.EMP.WORK.ZS,Kosovo,XKX,..,..,..,..,..,..,..,..,..,..,..,..
"Wage and salaried workers, total (% of total employment) (modeled ILO estimate)",SL.EMP.WORK.ZS,Kuwait,KWT,..,97.00462,98.30997,98.67636,98.94282,98.26629,98.30759,98.3045,98.29272,98.28412,98.30861,..
"Wage and salaried workers, total (% of total employment) (modeled ILO estimate)",SL.EMP.WORK.ZS,Kyrgyz Republic,KGZ,..,45.90253,56.24937,57.16688,60.13894,62.07927,64.42726,64.61613,65.31596,65.8338,66.55209,..
"Wage and salaried workers, total (% of total employment) (modeled ILO estimate)",SL.EMP.WORK.ZS,Lao PDR,LAO,..,11.15279,17.43676,18.08937,18.76227,19.47447,20.24668,21.06959,21.93546,21.20677,21.95151,..
"Wage and salaried workers, total (% of total employment) (modeled ILO estimate)",SL.EMP.WORK.ZS,Latvia,LVA,..,85.13863,88.44721,88.45608,87.38938,87.12225,87.34155,88.4832,88.41531,87.3188,86.67591,..
"Wage and salaried workers, total (% of total employment) (modeled ILO estimate)",SL.EMP.WORK.ZS,Lebanon,LBN,..,64.3071,63.6642,63.10408,62.41748,61.96375,61.65377,61.32391,60.68892,60.81166,61.14505,..
"Wage and salaried workers, total (% of total employment) (modeled ILO estimate)",SL.EMP.WORK.ZS,Lesotho,LSO,..,34.05891,41.00862,41.59641,42.35917,43.27111,43.64597,44.0923,44.61071,44.51808,45.08838,..
"Wage and salaried workers, total (% of total employment) (modeled ILO estimate)",SL.EMP.WORK.ZS,Liberia,LBR,..,17.71296,20.88623,21.1351,21.06091,21.18425,21.30768,21.32393,20.90251,19.11406,19.48464,..
"Wage and salaried workers, total (% of total employment) (modeled ILO estimate)",SL.EMP.WORK.ZS,Libya,LBY,..,73.48441,72.32637,70.58963,69.05197,67.78756,67.99438,68.53902,68.56792,69.76618,70.74325,..
"Wage and salaried workers, total (% of total employment) (modeled ILO estimate)",SL.EMP.WORK.ZS,Liechtenstein,LIE,..,..,..,..,..,..,..,..,..,..,..,..
"Wage and salaried workers, total (% of total employment) (modeled ILO estimate)",SL.EMP.WORK.ZS,Lithuania,LTU,..,80.32453,88.22753,87.89593,87.72939,87.66571,87.99373,88.33382,88.34303,88.24026,88.42559,..
"Wage and salaried workers, total (% of total employment) (modeled ILO estimate)",SL.EMP.WORK.ZS,Luxembourg,LUX,..,90.56632,91.16743,91.25523,90.24351,89.96043,90.14862,91.41534,91.26217,90.60154,89.86763,..
"Wage and salaried workers, total (% of total employment) (modeled ILO estimate)",SL.EMP.WORK.ZS,"Macao SAR, China",MAC,..,88.21703,93.21347,93.58419,93.29116,93.58485,93.50002,93.79385,93.59341,93.52187,93.60197,..
"Wage and salaried workers, total (% of total employment) (modeled ILO estimate)",SL.EMP.WORK.ZS,Madagascar,MDG,..,15.14348,10.81056,10.73624,10.58539,10.74933,10.92877,11.22881,11.51257,10.44197,10.71511,..
"Wage and salaried workers, total (% of total employment) (modeled ILO estimate)",SL.EMP.WORK.ZS,Malawi,MWI,..,40.26494,38.71772,38.79622,38.65586,38.42314,38.26501,38.23514,38.36972,37.92228,38.62255,..
"Wage and salaried workers, total (% of total employment) (modeled ILO estimate)",SL.EMP.WORK.ZS,Malaysia,MYS,..,74.25237,74.36784,75.41978,73.89622,74.3741,73.98167,72.41795,74.424,74.98551,75.58874,..
"Wage and salaried workers, total (% of total employment) (modeled ILO estimate)",SL.EMP.WORK.ZS,Maldives,MDV,..,64.06327,72.3574,73.07114,74.7776,76.30419,76.75111,77.34985,77.98035,79.03221,79.59676,..
"Wage and salaried workers, total (% of total employment) (modeled ILO estimate)",SL.EMP.WORK.ZS,Mali,MLI,..,13.77802,17.1108,17.53674,17.74335,20.00809,19.54037,18.96403,19.48547,18.1552,18.67191,..
"Wage and salaried workers, total (% of total employment) (modeled ILO estimate)",SL.EMP.WORK.ZS,Malta,MLT,..,87.7861,86.17865,86.43634,86.10745,85.89342,85.07844,85.64751,84.30946,84.00816,84.29615,..
"Wage and salaried workers, total (% of total employment) (modeled ILO estimate)",SL.EMP.WORK.ZS,Marshall Islands,MHL,..,..,..,..,..,..,..,..,..,..,..,..
"Wage and salaried workers, total (% of total employment) (modeled ILO estimate)",SL.EMP.WORK.ZS,Mauritania,MRT,..,40.37727,43.06102,42.93521,42.96834,42.79037,42.68912,42.95341,43.56428,42.31556,43.03693,..
"Wage and salaried workers, total (% of total employment) (modeled ILO estimate)",SL.EMP.WORK.ZS,Mauritius,MUS,..,79.98602,79.20553,79.30924,79.10316,79.42268,79.39612,80.24587,80.14405,80.71423,81.19241,..
"Wage and salaried workers, total (% of total employment) (modeled ILO estimate)",SL.EMP.WORK.ZS,Mexico,MEX,..,63.88483,67.08322,67.81588,67.91772,68.34356,68.54987,68.36281,68.05427,69.63196,68.41151,..
"Wage and salaried workers, total (% of total employment) (modeled ILO estimate)",SL.EMP.WORK.ZS,"Micronesia, Fed. Sts.",FSM,..,..,..,..,..,..,..,..,..,..,..,..
"Wage and salaried workers, total (% of total employment) (modeled ILO estimate)",SL.EMP.WORK.ZS,Moldova,MDA,..,63.01997,68.78233,67.31205,63.12178,62.99549,65.1824,74.20152,77.76472,78.13818,78.28709,..
"Wage and salaried workers, total (% of total employment) (modeled ILO estimate)",SL.EMP.WORK.ZS,Monaco,MCO,..,..,..,..,..,..,..,..,..,..,..,..
"Wage and salaried workers, total (% of total employment) (modeled ILO estimate)",SL.EMP.WORK.ZS,Mongolia,MNG,..,42.01162,49.28637,49.73444,49.28212,51.70107,49.89862,51.12012,51.50948,51.93915,52.6909,..
"Wage and salaried workers, total (% of total employment) (modeled ILO estimate)",SL.EMP.WORK.ZS,Montenegro,MNE,..,80.19368,83.98699,81.15127,79.12186,78.52763,78.02578,78.13799,79.40891,78.47643,78.91348,..
"Wage and salaried workers, total (% of total employment) (modeled ILO estimate)",SL.EMP.WORK.ZS,Morocco,MAR,..,40.81594,46.94343,47.00309,47.97823,48.65417,49.58536,50.52042,51.43735,51.24269,52.08638,..
"Wage and salaried workers, total (% of total employment) (modeled ILO estimate)",SL.EMP.WORK.ZS,Mozambique,MOZ,..,8.067216,12.83526,13.44508,13.99942,14.4904,15.07099,15.40498,15.19845,14.44466,14.86729,..
"Wage and salaried workers, total (% of total employment) (modeled ILO estimate)",SL.EMP.WORK.ZS,Myanmar,MMR,..,20.15217,33.78134,34.53754,35.27668,35.95261,36.75976,34.40733,35.08006,33.62006,..,..
"Wage and salaried workers, total (% of total employment) (modeled ILO estimate)",SL.EMP.WORK.ZS,Namibia,NAM,..,64.63438,63.88409,66.14996,68.47525,70.36553,66.53933,62.44844,61.78185,61.28479,61.53455,..
"Wage and salaried workers, total (% of total employment) (modeled ILO estimate)",SL.EMP.WORK.ZS,Nauru,NRU,..,..,..,..,..,..,..,..,..,..,..,..
"Wage and salaried workers, total (% of total employment) (modeled ILO estimate)",SL.EMP.WORK.ZS,Nepal,NPL,..,15.74664,19.1335,19.47013,19.90692,20.50935,20.87474,21.32095,21.83202,20.94987,21.66952,..
"Wage and salaried workers, total (% of total employment) (modeled ILO estimate)",SL.EMP.WORK.ZS,Netherlands,NLD,..,88.78635,83.94756,83.38454,83.15883,83.18554,83.26537,83.30759,83.37799,82.75478,84.32093,..
"Wage and salaried workers, total (% of total employment) (modeled ILO estimate)",SL.EMP.WORK.ZS,New Caledonia,NCL,..,83.07378,82.55195,82.51665,82.482,82.56461,82.63443,82.70365,82.8133,82.2578,82.3355,..
"Wage and salaried workers, total (% of total employment) (modeled ILO estimate)",SL.EMP.WORK.ZS,New Zealand,NZL,..,79.33528,84.59093,84.71479,85.14507,81.99672,81.25343,81.59959,81.43538,80.3171,79.99667,..
"Wage and salaried workers, total (% of total employment) (modeled ILO estimate)",SL.EMP.WORK.ZS,Nicaragua,NIC,..,51.53724,53.36664,54.25567,55.0242,55.85988,56.79946,57.22925,57.29753,56.31413,56.99817,..
"Wage and salaried workers, total (% of total employment) (modeled ILO estimate)",SL.EMP.WORK.ZS,Niger,NER,..,9.877902,8.059596,5.338907,5.247076,5.173359,5.166605,5.117347,5.154621,4.706977,4.897555,..
"Wage and salaried workers, total (% of total employment) (modeled ILO estimate)",SL.EMP.WORK.ZS,Nigeria,NGA,..,15.01982,18.06753,18.58681,19.07038,19.41717,19.80536,20.24496,20.73165,19.1454,19.41745,..
"Wage and salaried workers, total (% of total employment) (modeled ILO estimate)",SL.EMP.WORK.ZS,North Macedonia,MKD,..,74.32955,71.90401,73.33327,73.8736,75.87212,76.28023,76.36719,78.91705,82.23534,82.87839,..
"Wage and salaried workers, total (% of total employment) (modeled ILO estimate)",SL.EMP.WORK.ZS,Northern Mariana Islands,MNP,..,..,..,..,..,..,..,..,..,..,..,..
"Wage and salaried workers, total (% of total employment) (modeled ILO estimate)",SL.EMP.WORK.ZS,Norway,NOR,..,92.48849,93.01627,92.79047,92.97649,93.04549,93.47746,93.54549,93.58664,93.96927,95.5051,..
"Wage and salaried workers, total (% of total employment) (modeled ILO estimate)",SL.EMP.WORK.ZS,Oman,OMN,..,88.40825,96.51431,96.47494,96.40214,96.38522,96.41647,96.48073,96.45693,96.49004,96.51968,..
"Wage and salaried workers, total (% of total employment) (modeled ILO estimate)",SL.EMP.WORK.ZS,Pakistan,PAK,..,35.57684,39.77395,39.76963,39.40926,38.64864,40.77505,42.96163,43.75055,43.39733,44.38512,..
"Wage and salaried workers, total (% of total employment) (modeled ILO estimate)",SL.EMP.WORK.ZS,Palau,PLW,..,..,..,..,..,..,..,..,..,..,..,..
"Wage and salaried workers, total (% of total employment) (modeled ILO estimate)",SL.EMP.WORK.ZS,Panama,PAN,..,66.70142,67.72248,67.33083,66.27105,64.20103,64.91907,62.60831,60.81623,55.74001,56.03619,..
"Wage and salaried workers, total (% of total employment) (modeled ILO estimate)",SL.EMP.WORK.ZS,Papua New Guinea,PNG,..,17.48954,19.62044,20.28482,20.81999,21.36984,21.88579,22.23515,22.85883,21.62597,21.99238,..
"Wage and salaried workers, total (% of total employment) (modeled ILO estimate)",SL.EMP.WORK.ZS,Paraguay,PRY,..,46.17495,55.44268,56.2982,56.23145,55.76585,56.06607,56.94417,56.99352,54.40427,54.75956,..
"Wage and salaried workers, total (% of total employment) (modeled ILO estimate)",SL.EMP.WORK.ZS,Peru,PER,..,40.84294,45.43275,45.09,45.93926,45.40913,44.98688,46.7355,44.54354,43.98663,44.64747,..
"Wage and salaried workers, total (% of total employment) (modeled ILO estimate)",SL.EMP.WORK.ZS,Philippines,PHL,..,50.72305,58.03053,57.5382,58.97844,61.36572,62.20384,63.48454,63.8503,62.59457,63.32496,..
"Wage and salaried workers, total (% of total employment) (modeled ILO estimate)",SL.EMP.WORK.ZS,Poland,POL,..,72.6164,78.17021,78.64702,78.76788,79.28313,79.58518,79.72569,79.99141,79.4431,80.20528,..
"Wage and salaried workers, total (% of total employment) (modeled ILO estimate)",SL.EMP.WORK.ZS,Portugal,PRT,..,73.91994,78.05892,80.25385,81.57672,82.23617,83.01472,83.3519,83.14117,83.30869,85.04298,..
"Wage and salaried workers, total (% of total employment) (modeled ILO estimate)",SL.EMP.WORK.ZS,Puerto Rico,PRI,..,85.54215,84.02013,83.67178,83.31656,83.95869,84.56033,83.3502,82.5,82.32848,82.4219,..
"Wage and salaried workers, total (% of total employment) (modeled ILO estimate)",SL.EMP.WORK.ZS,Qatar,QAT,..,98.84978,99.50667,99.55991,99.57706,99.59163,99.58981,99.58376,99.56862,99.62546,99.6226,..
"Wage and salaried workers, total (% of total employment) (modeled ILO estimate)",SL.EMP.WORK.ZS,Romania,ROU,..,53.89241,67.18224,67.91785,71.02489,73.39103,73.69473,74.77882,75.77188,76.23293,84.51969,..
"Wage and salaried workers, total (% of total employment) (modeled ILO estimate)",SL.EMP.WORK.ZS,Russian Federation,RUS,..,88.8737,92.75883,92.81926,92.80193,92.51975,93.38533,93.17974,91.97105,93.25744,93.40335,..
"Wage and salaried workers, total (% of total employment) (modeled ILO estimate)",SL.EMP.WORK.ZS,Rwanda,RWA,..,9.28993,28.78409,30.71066,31.62926,31.99751,32.27769,32.90981,33.83766,32.66788,33.61251,..
"Wage and salaried workers, total (% of total employment) (modeled ILO estimate)",SL.EMP.WORK.ZS,Samoa,WSM,..,61.91694,64.66822,65.01231,65.48912,66.28998,66.8813,67.24776,67.92773,68.59385,69.22634,..
"Wage and salaried workers, total (% of total employment) (modeled ILO estimate)",SL.EMP.WORK.ZS,San Marino,SMR,..,..,..,..,..,..,..,..,..,..,..,..
"Wage and salaried workers, total (% of total employment) (modeled ILO estimate)",SL.EMP.WORK.ZS,Sao Tome and Principe,STP,..,29.46765,35.80938,36.60455,37.29398,38.02723,38.7823,39.47428,40.09234,37.62568,38.3675,..
"Wage and salaried workers, total (% of total employment) (modeled ILO estimate)",SL.EMP.WORK.ZS,Saudi Arabia,SAU,..,92.44815,94.68575,94.98377,95.19473,96.3062,97.14603,97.7996,96.23428,93.1805,93.22295,..
"Wage and salaried workers, total (% of total employment) (modeled ILO estimate)",SL.EMP.WORK.ZS,Senegal,SEN,..,20.35876,31.36948,32.47897,33.41344,27.69392,27.29679,30.94648,34.32265,32.6153,33.48103,..
"Wage and salaried workers, total (% of total employment) (modeled ILO estimate)",SL.EMP.WORK.ZS,Serbia,SRB,..,60.82237,67.55823,68.28914,69.84075,68.65338,69.42694,71.74231,72.30051,73.01058,77.06355,..
"Wage and salaried workers, total (% of total employment) (modeled ILO estimate)",SL.EMP.WORK.ZS,Seychelles,SYC,..,..,..,..,..,..,..,..,..,..,..,..
"Wage and salaried workers, total (% of total employment) (modeled ILO estimate)",SL.EMP.WORK.ZS,Sierra Leone,SLE,..,8.41153,11.27546,11.12115,9.569423,9.802417,9.6842,9.699241,9.833043,8.803221,9.0288,..
"Wage and salaried workers, total (% of total employment) (modeled ILO estimate)",SL.EMP.WORK.ZS,Singapore,SGP,..,84.62247,85.08415,85.38083,86.00961,85.86865,85.3544,85.96842,86.54051,87.27287,87.45174,..
"Wage and salaried workers, total (% of total employment) (modeled ILO estimate)",SL.EMP.WORK.ZS,Sint Maarten (Dutch part),SXM,..,..,..,..,..,..,..,..,..,..,..,..
"Wage and salaried workers, total (% of total employment) (modeled ILO estimate)",SL.EMP.WORK.ZS,Slovak Republic,SVK,..,92.09457,84.38792,84.5449,84.84536,84.57387,84.73858,85.18738,84.94924,85.01672,85.19702,..
"Wage and salaried workers, total (% of total employment) (modeled ILO estimate)",SL.EMP.WORK.ZS,Slovenia,SVN,..,83.94233,83.1226,81.42978,83.50016,85.80563,85.41901,84.79991,86.33234,87.4265,86.38415,..
"Wage and salaried workers, total (% of total employment) (modeled ILO estimate)",SL.EMP.WORK.ZS,Solomon Islands,SLB,..,27.45769,32.2281,32.77168,33.25957,34.20372,35.29307,36.4188,37.36331,35.60345,36.19922,..
"Wage and salaried workers, total (% of total employment) (modeled ILO estimate)",SL.EMP.WORK.ZS,Somalia,SOM,..,9.981577,10.84351,10.83883,10.91428,10.96325,10.91466,10.96764,11.02114,10.13456,10.39112,..
"Wage and salaried workers, total (% of total employment) (modeled ILO estimate)",SL.EMP.WORK.ZS,South Africa,ZAF,..,81.69623,85.13504,85.87077,85.41172,84.88438,84.53138,84.42773,83.66111,83.27794,83.48205,..
"Wage and salaried workers, total (% of total employment) (modeled ILO estimate)",SL.EMP.WORK.ZS,South Sudan,SSD,..,8.139174,9.595876,10.22079,10.16563,9.65818,9.331343,9.185822,9.237534,8.499292,8.721572,..
"Wage and salaried workers, total (% of total employment) (modeled ILO estimate)",SL.EMP.WORK.ZS,Spain,ESP,..,79.91699,82.1405,82.40685,82.71873,83.05908,83.51434,84.02966,84.3209,83.92838,84.10896,..
"Wage and salaried workers, total (% of total employment) (modeled ILO estimate)",SL.EMP.WORK.ZS,Sri Lanka,LKA,..,56.23938,55.71355,56.42968,56.14674,57.82285,57.67457,57.8032,58.20547,58.67368,59.54749,..
"Wage and salaried workers, total (% of total employment) (modeled ILO estimate)",SL.EMP.WORK.ZS,St. Kitts and Nevis,KNA,..,..,..,..,..,..,..,..,..,..,..,..
"Wage and salaried workers, total (% of total employment) (modeled ILO estimate)",SL.EMP.WORK.ZS,St. Lucia,LCA,..,65.70289,71.20805,71.73904,72.01098,72.7259,73.15591,73.41004,71.37343,71.04204,71.54276,..
"Wage and salaried workers, total (% of total employment) (modeled ILO estimate)",SL.EMP.WORK.ZS,St. Martin (French part),MAF,..,..,..,..,..,..,..,..,..,..,..,..
"Wage and salaried workers, total (% of total employment) (modeled ILO estimate)",SL.EMP.WORK.ZS,St. Vincent and the Grenadines,VCT,..,74.43601,74.37012,74.26067,74.18578,74.12746,74.01748,73.99068,73.81303,74.11336,74.67654,..
"Wage and salaried workers, total (% of total employment) (modeled ILO estimate)",SL.EMP.WORK.ZS,Sudan,SDN,..,38.93694,44.08202,44.81261,45.36172,45.87433,46.50503,47.06026,47.26153,47.19664,47.7212,..
"Wage and salaried workers, total (% of total employment) (modeled ILO estimate)",SL.EMP.WORK.ZS,Suriname,SUR,..,81.84146,79.08692,78.44045,77.4263,76.78579,76.77146,77.09892,77.26118,77.78241,78.22589,..
"Wage and salaried workers, total (% of total employment) (modeled ILO estimate)",SL.EMP.WORK.ZS,Sweden,SWE,..,88.91489,89.40833,89.6677,89.74567,90.01102,90.14248,90.28422,90.1579,90.08001,89.47315,..
"Wage and salaried workers, total (% of total employment) (modeled ILO estimate)",SL.EMP.WORK.ZS,Switzerland,CHE,..,82.63588,84.66894,84.73153,85.13332,84.94164,85.14445,85.25439,85.62613,85.65707,84.98628,..
"Wage and salaried workers, total (% of total employment) (modeled ILO estimate)",SL.EMP.WORK.ZS,Syrian Arab Republic,SYR,..,48.80668,59.75526,58.26543,57.68493,57.62658,57.82825,58.63723,59.8437,59.84447,60.40665,..
"Wage and salaried workers, total (% of total employment) (modeled ILO estimate)",SL.EMP.WORK.ZS,Tajikistan,TJK,..,56.17724,67.65798,68.34146,69.01922,69.69234,70.40475,71.18251,72.00602,72.8647,73.58221,..
"Wage and salaried workers, total (% of total employment) (modeled ILO estimate)",SL.EMP.WORK.ZS,Tanzania,TZA,..,8.935622,13.1351,13.40054,13.68864,14.13759,14.58923,15.18343,15.79936,14.59788,15.08963,..
"Wage and salaried workers, total (% of total employment) (modeled ILO estimate)",SL.EMP.WORK.ZS,Thailand,THA,..,39.6048,44.68021,47.35783,48.42281,49.06166,49.40314,48.53426,49.71693,49.47688,48.1718,..
"Wage and salaried workers, total (% of total employment) (modeled ILO estimate)",SL.EMP.WORK.ZS,Timor-Leste,TLS,..,25.96047,30.23845,30.66835,31.0258,31.52333,31.46438,31.4236,33.06628,31.91433,32.57094,..
"Wage and salaried workers, total (% of total employment) (modeled ILO estimate)",SL.EMP.WORK.ZS,Togo,TGO,..,10.9305,17.36254,18.52901,19.72121,21.19507,22.34158,22.80152,23.2608,21.61263,22.26493,..
"Wage and salaried workers, total (% of total employment) (modeled ILO estimate)",SL.EMP.WORK.ZS,Tonga,TON,..,42.98546,46.80062,47.33287,47.79723,48.6578,49.477,50.08323,50.6039,50.4472,51.19329,..
"Wage and salaried workers, total (% of total employment) (modeled ILO estimate)",SL.EMP.WORK.ZS,Trinidad and Tobago,TTO,..,77.55452,78.50222,78.51613,77.79923,76.47987,76.08503,75.92945,75.59153,76.07314,76.28549,..
"Wage and salaried workers, total (% of total employment) (modeled ILO estimate)",SL.EMP.WORK.ZS,Tunisia,TUN,..,69.95824,72.13034,73.01542,73.81432,73.35446,75.45271,75.9577,76.58533,77.98746,78.55383,..
"Wage and salaried workers, total (% of total employment) (modeled ILO estimate)",SL.EMP.WORK.ZS,Turkiye,TUR,..,48.5975,64.07374,66.06061,67.13762,67.55332,67.26531,67.99097,68.46202,69.83421,70.61652,..
"Wage and salaried workers, total (% of total employment) (modeled ILO estimate)",SL.EMP.WORK.ZS,Turkmenistan,TKM,..,60.49134,66.05079,66.73701,67.15993,67.57049,67.92191,68.26653,68.66608,70.10112,70.72751,..
"Wage and salaried workers, total (% of total employment) (modeled ILO estimate)",SL.EMP.WORK.ZS,Turks and Caicos Islands,TCA,..,..,..,..,..,..,..,..,..,..,..,..
"Wage and salaried workers, total (% of total employment) (modeled ILO estimate)",SL.EMP.WORK.ZS,Tuvalu,TUV,..,..,..,..,..,..,..,..,..,..,..,..
"Wage and salaried workers, total (% of total employment) (modeled ILO estimate)",SL.EMP.WORK.ZS,Uganda,UGA,..,13.63843,20.7055,20.86001,21.12667,21.36298,21.32264,21.71206,22.15712,21.25854,21.89859,..
"Wage and salaried workers, total (% of total employment) (modeled ILO estimate)",SL.EMP.WORK.ZS,Ukraine,UKR,..,89.93952,80.87689,84.13349,84.06756,84.36314,84.28796,84.36441,84.55295,84.94511,85.27561,..
"Wage and salaried workers, total (% of total employment) (modeled ILO estimate)",SL.EMP.WORK.ZS,United Arab Emirates,ARE,..,96.80328,96.71178,96.85757,96.94222,97.05742,96.52855,96.02608,95.06022,95.09064,94.85478,..
"Wage and salaried workers, total (% of total employment) (modeled ILO estimate)",SL.EMP.WORK.ZS,United Kingdom,GBR,..,87.72899,85.40681,84.76524,85.01246,84.56337,84.63103,84.88946,84.43135,85.48295,85.68617,..
"Wage and salaried workers, total (% of total employment) (modeled ILO estimate)",SL.EMP.WORK.ZS,United States,USA,..,92.43541,93.4053,93.55424,93.55559,93.6133,93.74768,93.719,93.90617,93.69337,93.39504,..
"Wage and salaried workers, total (% of total employment) (modeled ILO estimate)",SL.EMP.WORK.ZS,Uruguay,URY,..,73.06083,72.68269,73.20744,72.67563,72.15287,71.95455,71.81961,71.4549,70.93085,71.16893,..
"Wage and salaried workers, total (% of total employment) (modeled ILO estimate)",SL.EMP.WORK.ZS,Uzbekistan,UZB,..,46.67355,51.41279,51.80259,52.16099,52.52841,52.90852,53.27102,53.55104,53.39139,53.61834,..
"Wage and salaried workers, total (% of total employment) (modeled ILO estimate)",SL.EMP.WORK.ZS,Vanuatu,VUT,..,25.56438,30.8863,31.1003,31.12422,31.45127,32.02493,32.52594,33.13446,32.23226,32.69614,..
"Wage and salaried workers, total (% of total employment) (modeled ILO estimate)",SL.EMP.WORK.ZS,"Venezuela, RB",VEN,..,58.03056,65.31015,65.31823,65.07426,64.82468,61.35279,61.11501,60.38234,58.49199,58.2836,..
"Wage and salaried workers, total (% of total employment) (modeled ILO estimate)",SL.EMP.WORK.ZS,Viet Nam,VNM,..,18.87291,34.85994,35.67186,39.33993,41.24601,42.84887,43.94433,45.12808,45.15189,46.34416,..
"Wage and salaried workers, total (% of total employment) (modeled ILO estimate)",SL.EMP.WORK.ZS,Virgin Islands (U.S.),VIR,..,90.19971,90.32668,90.20322,90.1918,90.21213,90.11053,89.82206,89.86626,88.70016,88.84869,..
"Wage and salaried workers, total (% of total employment) (modeled ILO estimate)",SL.EMP.WORK.ZS,West Bank and Gaza,PSE,..,65.52792,68.05401,67.6272,68.63954,69.45858,70.42044,69.73837,71.4345,72.31567,72.90054,..
"Wage and salaried workers, total (% of total employment) (modeled ILO estimate)",SL.EMP.WORK.ZS,"Yemen, Rep.",YEM,..,50.1127,50.38465,50.59957,48.54043,46.83263,45.37526,44.51543,44.09477,42.7564,43.19899,..
"Wage and salaried workers, total (% of total employment) (modeled ILO estimate)",SL.EMP.WORK.ZS,Zambia,ZMB,..,18.30001,21.07863,21.66974,22.13464,22.67905,23.25908,23.96675,24.57613,22.84771,23.25912,..
"Wage and salaried workers, total (% of total employment) (modeled ILO estimate)",SL.EMP.WORK.ZS,Zimbabwe,ZWE,..,38.47826,33.90449,33.91403,33.68903,33.42334,33.38913,33.43597,32.25314,31.43814,31.96344,..
,,,,,,,,,,,,,,,
,,,,,,,,,,,,,,,
,,,,,,,,,,,,,,,
Data from database: World Development Indicators,,,,,,,,,,,,,,,
Last Updated: 12/18/2023,,,,,,,,,,,,,,,
